{
  "model_type": "concept_models",
  "training_date": "2025-09-01T09:05:27.714876",
  "epochs": 30,
  "batch_size": 16,
  "final_metrics": {
    "loss": 1.4412404093675764,
    "accuracy": 0.29880643262652484
  }
}