{
  "epoch": 30,
  "timestamp": "2025-09-01T11:40:12.433432",
  "model_state": {
    "loss": 1.3811747840179958,
    "accuracy": 0.2947607070664414
  }
}