{
  "epoch": 20,
  "timestamp": "2025-09-01T11:40:10.774415",
  "model_state": {
    "loss": 1.5607865766068976,
    "accuracy": 0.19761069308314838
  }
}