{
  "epoch": 5,
  "timestamp": "2025-09-01T11:40:08.639138",
  "model_state": {
    "loss": 1.8837670487482896,
    "accuracy": 0.06810898135645273
  }
}