{
  "epoch": 15,
  "timestamp": "2025-09-01T11:40:10.275197",
  "model_state": {
    "loss": 1.669274931106416,
    "accuracy": 0.15316258523677317
  }
}