{
  "epoch": 3,
  "timestamp": "2025-08-31T23:10:19.205328",
  "model_state": {
    "loss": 1.9158854903631413,
    "accuracy": 0.025870343254893322
  }
}