{
  "epoch": 10,
  "timestamp": "2025-09-01T11:40:09.540255",
  "model_state": {
    "loss": 1.7394195099442649,
    "accuracy": 0.11421147424687617
  }
}