{
  "epoch": 25,
  "timestamp": "2025-09-01T11:40:11.386046",
  "model_state": {
    "loss": 1.496693859207958,
    "accuracy": 0.24663315495951027
  }
}